/Bootstrap.php|f3b75c8f76f24b3d859808dad5b39ff7
/plugin.json|03919e079b6e04e6b70be889e1c86140
/Snippets/backend/Lengow/translation.ini|6e390567e87c09b0939a209ce81a5449
/Bootstrap/Database.php|1742940fcc016ed460da541a43aceac6
/Bootstrap/Form.php|349dca0ac420a44903b2450f1fe0d5a4
/Components/LengowImportOrder.php|a440c6702207b57f89a34b4c3df90cc4
/Components/LengowSync.php|5dbd88f85ac60adb12112137b323d355
/Components/LengowElements.php|eff41ec578d720d1986b0ec457d53b88
/Components/LengowImport.php|71323a40ee64f81984d80c726d03f4fa
/Components/LengowFeed.php|c3deb8001f7f4941df80047d90d03776
/Components/LengowCheck.php|07ae5e3a6cad38b89ac31cbcf84f1597
/Components/LengowMain.php|3892639c09f25e48ca74c5302cd45c86
/Components/LengowLog.php|22a8747561e36bcbf7f72365a7f964cb
/Components/LengowOrder.php|946c949d94cbe451525bdd8cdf5a079f
/Components/LengowExport.php|9537940099e18d39166e47dd0acc9e56
/Components/LengowTranslation.php|a746876b26b8b492388d8bb0308b726e
/Components/LengowFile.php|0bd2ad215e19ffe380028ca362919255
/Components/LengowConnector.php|6bac0583065af10c2f2083b304695fa4
/Components/LengowException.php|f8c45db62dadad5d73cddf3d628d2cf3
/Components/LengowMarketplace.php|35063a706beb3c9749fa7adacbb8d35e
/Components/LengowProduct.php|6d63a484daa6335a65973244dae357f1
/Components/LengowConfiguration.php|26f444b9fe28b59de090237f2b21453e
/Controllers/Frontend/LengowController.php|3a3a6ada5468da0aade58581aea7ae93
/Controllers/Backend/LengowSync.php|d4c3d29fb86c1aedeb00784022f7dc57
/Controllers/Backend/LengowImport.php|0b725ad4c3cb248ec46787d0c4f7bfc9
/Controllers/Backend/Lengow.php|dda09d13551cbd95fcb8b2bc6e20d706
/Controllers/Backend/LengowExport.php|3797b5e85ee6367f2609fbf6279e4d42
/Controllers/Backend/LengowHome.php|7fd262c8798bd37bb23227672d6f5c44
/Controllers/Backend/LengowLogs.php|dab2dd558f5273bed8b0755e87677690
/Controllers/Backend/LengowHelp.php|151b14447af97aab738cfad817bc53a2
/Models/Lengow/Order.php|6196c5be17caf01de4d4897d00e6ba80
/Models/Lengow/Action.php|421d665084fd443c53534c9d8286d749
/Models/Lengow/Settings.php|32dabd48fd9596ddd533857b10576b7e
/Toolbox/config.inc.php|8a8882365a5cd87a8bcf1735127bca1e
/Toolbox/checksum.php|16ab0194acb9f3a7b47baca64c35d61a
/Toolbox/log.php|ebe983809a64e42dfff372d89459bc00
/Toolbox/css/font-awesome.css|bf4b58c946c9234e4a6b9f7a70d38006
/Toolbox/css/toolbox.css|6f15d90397031d842d72a239a7397461
/Toolbox/css/bootstrap-3.3.6.css|2f624089c65f12185e79925bc5a7fc42
/Toolbox/fonts/fontawesome-webfont.ttf|a3de2170e4e9df77161ea5d3f31b2668
/Toolbox/fonts/fontawesome-webfont.woff|a35720c2fed2c7f043bc7e4ffb45e073
/Toolbox/fonts/fontawesome-webfont.woff2|db812d8a70a4e88e888744c1c9a27e89
/Toolbox/views/header.php|20603d934285518336b5dcc04a93cbf6
/Toolbox/views/footer.php|fc5b05009954860b4332fc01bf5cb4d0
/Toolbox/index.php|2e599dbb099cf40705bb08d7a92250a5
/Views/backend/lengow/store/logs.js|b4e23e007027b81e95b3dccfaeede55f
/Views/backend/lengow/store/article.js|835bf56c4eec7baf47f9ed33f5a1aad3
/Views/backend/lengow/store/shops.js|74256bfa43b19fcf9309b7dd477ac482
/Views/backend/lengow/model/logs.js|38e0561a31dbd9a27f8d10e56e210dcb
/Views/backend/lengow/model/article.js|ba507dbba4bd4935ddd5bd328c143948
/Views/backend/lengow/model/shops.js|256fbea7b726e7e24b624ee3ebe89d0e
/Views/backend/lengow/controller/main.js|8b96f95c8c355e5125e4e29d2dab8886
/Views/backend/lengow/controller/import.js|7cb1588ccc77445468aa1bce55a50a06
/Views/backend/lengow/controller/dashboard.js|2e99b0f4fa2d52bce14b2edac8981c61
/Views/backend/lengow/controller/export.js|4c33bc8e2b5dd8481b39e86e91d7849e
/Views/backend/lengow/controller/help.js|ed08102b32b0bbad721c4b23e6ac4d93
/Views/backend/lengow/app.js|e8d41a3fd32ddb488eb2c63677214bdc
/Views/backend/lengow/resources/img/home-orders.png|db05b21ec6b166d844b42c0e807cb265
/Views/backend/lengow/resources/img/home-products.png|99ff45448ea094f8c70b58a0cd4d9303
/Views/backend/lengow/resources/img/logo-blue.png|20c05b7249c00f126861223ecc5b6ce9
/Views/backend/lengow/resources/img/picto-stats.png|c5c5b92b4b09579b02b856b897ded428
/Views/backend/lengow/resources/img/lengow-white-big.png|6e6178f2db21104a157aebb27f9a5ca2
/Views/backend/lengow/resources/img/home-settings.png|4f7751e943137d3c10b71da358f7b1d7
/Views/backend/lengow/resources/css/lengow-components.css|0d415bbdcb35c47f4cdfa57a4c5cef42
/Views/backend/lengow/resources/css/lengow-layout.css|a2a080ba4a3eee1ff4eb5e59407dde70
/Views/backend/lengow/resources/css/lengow-pages.css|011a8c9c43504d001dfb9ceed07c0049
/Views/backend/lengow/resources/lengow-template.tpl|15ab4381c4841e85cd77295f9c8e4d95
/Views/backend/lengow/view/import/panel.js|d96f5cb1e89b7f28bfa6d493a7c6ab61
/Views/backend/lengow/view/main/home.js|2f0a5e0adc890f98597c418d9f47e817
/Views/backend/lengow/view/main/sync.js|e010c011ad21b600bd43d7b31bd995df
/Views/backend/lengow/view/export/grid.js|08a951c1e0646e9ce345ab74ebb73b49
/Views/backend/lengow/view/export/panel.js|a745bad72477014dbe2467760bceecc1
/Views/backend/lengow/view/export/container.js|296783c31422c2442a4a916dfcce70ae
/Views/backend/lengow/view/export/tree.js|dadc02c08800a7a38c9ac0912b8383b8
/Views/backend/lengow/view/dashboard/panel.js|cdc902c99214d512147d2ed814f1c632
/Views/backend/lengow/view/help/panel.js|8e12d782d8e404ff7f6d2fa0964572aa
/Views/backend/lengow/view/logs/panel.js|fd9c5aaaed545bcf7b50bc31fce22c90
